-- MySQL test data (same distribution as PostgreSQL version)
-- Uses MySQL-specific syntax: NOW() instead of CURRENT_TIMESTAMP where needed

SET NAMES utf8mb4;

-- Users: 100 rows
INSERT INTO users (name, email, status, type, is_deleted, created_at) VALUES
('Alice Smith', 'alice.smith@example.com', 'ACTIVE', 'NORMAL', 0, '2024-01-15 10:00:00'),
('Bob Johnson', 'bob.johnson@example.com', 'ACTIVE', 'NORMAL', 0, '2024-01-16 11:00:00'),
('Carol White', 'carol.white@example.com', 'ACTIVE', 'VIP', 0, '2024-01-17 12:00:00'),
('David Brown', 'david.brown@example.com', 'ACTIVE', 'NORMAL', 0, '2024-01-18 13:00:00'),
('Eva Martinez', 'eva.martinez@example.com', 'ACTIVE', 'NORMAL', 0, '2024-01-19 14:00:00'),
('Frank Garcia', 'frank.garcia@example.com', 'ACTIVE', 'PREMIUM', 0, '2024-01-20 15:00:00'),
('Grace Lee', 'grace.lee@example.com', 'ACTIVE', 'VIP', 0, '2024-01-21 16:00:00'),
('Henry Wilson', 'henry.wilson@example.com', 'ACTIVE', 'NORMAL', 0, '2024-01-22 17:00:00'),
('Ivy Anderson', 'ivy.anderson@example.com', 'ACTIVE', 'NORMAL', 0, '2024-01-23 18:00:00'),
('Jack Thomas', 'jack.thomas@example.com', 'ACTIVE', 'PREMIUM', 0, '2024-01-24 19:00:00'),
('Kate Jackson', 'kate.jackson@example.com', 'ACTIVE', 'NORMAL', 0, '2024-02-01 10:00:00'),
('Leo Martin', 'leo.martin@example.com', 'ACTIVE', 'VIP', 0, '2024-02-02 11:00:00'),
('Mia Thompson', 'mia.thompson@example.com', 'ACTIVE', 'NORMAL', 0, '2024-02-03 12:00:00'),
('Noah Garcia', 'noah.garcia@example.com', 'ACTIVE', 'NORMAL', 0, '2024-02-04 13:00:00'),
('Olivia Robinson', 'olivia.robinson@example.com', 'ACTIVE', 'VIP', 0, '2024-02-05 14:00:00'),
('Paul Clark', 'paul.clark@example.com', 'ACTIVE', 'NORMAL', 0, '2024-02-06 15:00:00'),
('Quinn Rodriguez', 'quinn.rodriguez@example.com', 'ACTIVE', 'PREMIUM', 0, '2024-02-07 16:00:00'),
('Rachel Lewis', 'rachel.lewis@example.com', 'ACTIVE', 'NORMAL', 0, '2024-02-08 17:00:00'),
('Sam Walker', 'sam.walker@example.com', 'ACTIVE', 'NORMAL', 0, '2024-02-09 18:00:00'),
('Tina Hall', 'tina.hall@example.com', 'ACTIVE', 'VIP', 0, '2024-02-10 19:00:00'),
('Uma Allen', 'uma.allen@example.com', 'ACTIVE', 'NORMAL', 0, '2024-02-11 10:00:00'),
('Victor Young', 'victor.young@example.com', 'ACTIVE', 'NORMAL', 0, '2024-02-12 11:00:00'),
('Wendy Hernandez', 'wendy.hernandez@example.com', 'ACTIVE', 'PREMIUM', 0, '2024-02-13 12:00:00'),
('Xavier King', 'xavier.king@example.com', 'ACTIVE', 'VIP', 0, '2024-02-14 13:00:00'),
('Yara Wright', 'yara.wright@example.com', 'ACTIVE', 'NORMAL', 0, '2024-02-15 14:00:00'),
('Zack Lopez', 'zack.lopez@example.com', 'ACTIVE', 'NORMAL', 0, '2024-02-16 15:00:00'),
('Amy Hill', 'amy.hill@example.com', 'ACTIVE', 'VIP', 0, '2024-02-17 16:00:00'),
('Ben Scott', 'ben.scott@example.com', 'ACTIVE', 'NORMAL', 0, '2024-02-18 17:00:00'),
('Cindy Green', 'cindy.green@example.com', 'ACTIVE', 'NORMAL', 0, '2024-02-19 18:00:00'),
('Dan Adams', 'dan.adams@example.com', 'ACTIVE', 'PREMIUM', 0, '2024-02-20 19:00:00'),
('Elena Nelson', 'elena.nelson@example.com', 'ACTIVE', 'VIP', 0, '2024-02-21 10:00:00'),
('Fred Baker', 'fred.baker@example.com', 'ACTIVE', 'NORMAL', 0, '2024-02-22 11:00:00'),
('Gina Carter', 'gina.carter@example.com', 'ACTIVE', 'NORMAL', 0, '2024-02-23 12:00:00'),
('Hank Mitchell', 'hank.mitchell@example.com', 'ACTIVE', 'VIP', 0, '2024-02-24 13:00:00'),
('Iris Perez', 'iris.perez@example.com', 'ACTIVE', 'NORMAL', 0, '2024-02-25 14:00:00'),
('Jake Roberts', 'jake.roberts@example.com', 'ACTIVE', 'NORMAL', 0, '2024-02-26 15:00:00'),
('Kara Turner', 'kara.turner@example.com', 'ACTIVE', 'PREMIUM', 0, '2024-02-27 16:00:00'),
('Luke Phillips', 'luke.phillips@example.com', 'ACTIVE', 'NORMAL', 0, '2024-02-28 17:00:00'),
('Maya Campbell', 'maya.campbell@example.com', 'ACTIVE', 'VIP', 0, '2024-03-01 18:00:00'),
('Nick Parker', 'nick.parker@example.com', 'ACTIVE', 'NORMAL', 0, '2024-03-02 19:00:00'),
('Ada Evans', 'ada.evans@example.com', 'ACTIVE', 'NORMAL', 0, '2024-03-03 10:00:00'),
('Evan Edwards', 'evan.edwards@example.com', 'ACTIVE', 'VIP', 0, '2024-03-04 11:00:00'),
('Fay Collins', 'fay.collins@example.com', 'ACTIVE', 'NORMAL', 0, '2024-03-05 12:00:00'),
('Glen Stewart', 'glen.stewart@example.com', 'ACTIVE', 'PREMIUM', 0, '2024-03-06 13:00:00'),
('Hana Sanchez', 'hana.sanchez@example.com', 'ACTIVE', 'NORMAL', 0, '2024-03-07 14:00:00'),
('Ian Morris', 'ian.morris@example.com', 'ACTIVE', 'NORMAL', 0, '2024-03-08 15:00:00'),
('Jade Rogers', 'jade.rogers@example.com', 'ACTIVE', 'VIP', 0, '2024-03-09 16:00:00'),
('Kris Reed', 'kris.reed@example.com', 'ACTIVE', 'NORMAL', 0, '2024-03-10 17:00:00'),
('Lia Cook', 'lia.cook@example.com', 'ACTIVE', 'NORMAL', 0, '2024-03-11 18:00:00'),
('Max Morgan', 'max.morgan@example.com', 'ACTIVE', 'PREMIUM', 0, '2024-03-12 19:00:00'),
('Nina Bell', 'nina.bell@example.com', 'ACTIVE', 'VIP', 0, '2024-03-13 10:00:00'),
('Owen Murphy', 'owen.murphy@example.com', 'ACTIVE', 'NORMAL', 0, '2024-03-14 11:00:00'),
('Pam Bailey', 'pam.bailey@example.com', 'ACTIVE', 'NORMAL', 0, '2024-03-15 12:00:00'),
('Quin Rivera', 'quin.rivera@example.com', 'ACTIVE', 'VIP', 0, '2024-03-16 13:00:00'),
('Rita Cooper', 'rita.cooper@example.com', 'ACTIVE', 'NORMAL', 0, '2024-03-17 14:00:00'),
('Selena Richardson', 'selena.richardson@example.com', 'ACTIVE', 'NORMAL', 0, '2024-03-18 15:00:00'),
('Tom Cox', 'tom.cox@example.com', 'ACTIVE', 'PREMIUM', 0, '2024-03-19 16:00:00'),
('Ula Howard', 'ula.howard@example.com', 'ACTIVE', 'VIP', 0, '2024-03-20 17:00:00'),
('Vince Ward', 'vince.ward@example.com', 'ACTIVE', 'NORMAL', 0, '2024-03-21 18:00:00'),
('Willa Torres', 'willa.torres@example.com', 'ACTIVE', 'NORMAL', 0, '2024-03-22 19:00:00'),
('Xena Peterson', 'xena.peterson@example.com', 'ACTIVE', 'VIP', 0, '2024-03-23 10:00:00'),
('Yale Gray', 'yale.gray@example.com', 'ACTIVE', 'NORMAL', 0, '2024-03-24 11:00:00'),
('Zoe Ramirez', 'zoe.ramirez@example.com', 'ACTIVE', 'NORMAL', 0, '2024-03-25 12:00:00'),
('Andy James', 'andy.james@example.com', 'ACTIVE', 'PREMIUM', 0, '2024-03-26 13:00:00'),
('Bella Watson', 'bella.watson@example.com', 'ACTIVE', 'VIP', 0, '2024-03-27 14:00:00'),
('Carl Brooks', 'carl.brooks@example.com', 'ACTIVE', 'NORMAL', 0, '2024-03-28 15:00:00'),
('Diana Kelly', 'diana.kelly@example.com', 'ACTIVE', 'NORMAL', 0, '2024-03-29 16:00:00'),
('Eric Sanders', 'eric.sanders@example.com', 'ACTIVE', 'VIP', 0, '2024-03-30 17:00:00'),
('Fiona Price', 'fiona.price@example.com', 'ACTIVE', 'NORMAL', 0, '2024-03-31 18:00:00'),
('Gary Bennett', 'gary.bennett@example.com', 'ACTIVE', 'NORMAL', 0, '2024-04-01 19:00:00'),
('Holly Wood', 'holly.wood@example.com', 'ACTIVE', 'PREMIUM', 0, '2024-04-02 10:00:00'),
('Ivan Barnes', 'ivan.barnes@example.com', 'ACTIVE', 'VIP', 0, '2024-04-03 11:00:00'),
('Julia Ross', 'julia.ross@example.com', 'ACTIVE', 'NORMAL', 0, '2024-04-04 12:00:00'),
('Kyle Henderson', 'kyle.henderson@example.com', 'ACTIVE', 'NORMAL', 0, '2024-04-05 13:00:00'),
('Luna Coleman', 'luna.coleman@example.com', 'ACTIVE', 'VIP', 0, '2024-04-06 14:00:00'),
('Mark Jenkins', 'mark.jenkins@example.com', 'ACTIVE', 'NORMAL', 0, '2024-04-07 15:00:00'),
('Nora Perry', 'nora.perry@example.com', 'ACTIVE', 'NORMAL', 0, '2024-04-08 16:00:00'),
('Ora Powell', 'ora.powell@example.com', 'ACTIVE', 'PREMIUM', 0, '2024-04-09 17:00:00'),
('Pete Long', 'pete.long@example.com', 'ACTIVE', 'VIP', 0, '2024-04-10 18:00:00'),
('Queen Patterson', 'queen.patterson@example.com', 'ACTIVE', 'NORMAL', 0, '2024-04-11 19:00:00'),
('Rex Hughes', 'rex.hughes@example.com', 'ACTIVE', 'NORMAL', 0, '2024-04-12 10:00:00'),
('Sara Flores', 'sara.flores@example.com', 'ACTIVE', 'VIP', 0, '2024-04-13 11:00:00'),
('Trent Washington', 'trent.washington@example.com', 'ACTIVE', 'NORMAL', 0, '2024-04-14 12:00:00'),
('Una Butler', 'una.butler@example.com', 'ACTIVE', 'NORMAL', 0, '2024-04-15 13:00:00'),
('Vera Simmons', 'vera.simmons@example.com', 'ACTIVE', 'PREMIUM', 0, '2024-04-16 14:00:00'),
('Wes Foster', 'wes.foster@example.com', 'ACTIVE', 'VIP', 0, '2024-04-17 15:00:00'),
('Xander Gonzales', 'xander.gonzales@example.com', 'ACTIVE', 'NORMAL', 0, '2024-04-18 16:00:00'),
('Yvonne Bryant', 'yvonne.bryant@example.com', 'ACTIVE', 'NORMAL', 0, '2024-04-19 17:00:00'),
('Zack Alexander', 'zack.alexander@example.com', 'ACTIVE', 'VIP', 0, '2024-04-20 18:00:00'),
('User91 Inactive', 'user91.inactive@example.com', 'INACTIVE', 'NORMAL', 0, '2024-01-10 10:00:00'),
('User92 Inactive', 'user92.inactive@example.com', 'INACTIVE', 'VIP', 0, '2024-01-11 11:00:00'),
('User93 Inactive', 'user93.inactive@example.com', 'INACTIVE', 'NORMAL', 0, '2024-01-12 12:00:00'),
('User94 Inactive', 'user94.inactive@example.com', 'INACTIVE', 'PREMIUM', 0, '2024-01-13 13:00:00'),
('User95 Inactive', 'user95.inactive@example.com', 'INACTIVE', 'NORMAL', 0, '2024-01-14 14:00:00'),
('User96 Inactive', 'user96.inactive@example.com', 'INACTIVE', 'VIP', 0, '2024-01-15 15:00:00'),
('User97 Inactive', 'user97.inactive@example.com', 'INACTIVE', 'NORMAL', 0, '2024-01-16 16:00:00'),
('User98 Inactive', 'user98.inactive@example.com', 'INACTIVE', 'NORMAL', 0, '2024-01-17 17:00:00'),
('User99 Inactive', 'user99.inactive@example.com', 'INACTIVE', 'PREMIUM', 0, '2024-01-18 18:00:00'),
('User100 Deleted', 'user100.deleted@example.com', 'INACTIVE', 'NORMAL', 1, '2024-01-19 19:00:00');

-- Products
INSERT INTO products (name, price, category, stock_quantity, is_active) VALUES
('Laptop Pro', 1299.99, 'Electronics', 50, 1),
('Wireless Mouse', 29.99, 'Electronics', 200, 1),
('USB-C Cable', 12.99, 'Electronics', 500, 1),
('Office Chair', 199.99, 'Furniture', 30, 1),
('Standing Desk', 499.99, 'Furniture', 20, 1),
('Monitor 27inch', 349.99, 'Electronics', 45, 1),
('Keyboard Mechanical', 89.99, 'Electronics', 120, 1),
('Webcam HD', 59.99, 'Electronics', 80, 1),
('Desk Lamp', 24.99, 'Furniture', 150, 1),
('Headphones', 149.99, 'Electronics', 90, 1),
('Notebook Pack', 9.99, 'Stationery', 300, 1),
('Pen Set', 14.99, 'Stationery', 250, 1),
('Desk Organizer', 19.99, 'Furniture', 100, 1),
('External SSD 1TB', 109.99, 'Electronics', 70, 1),
('Cable Clips', 5.99, 'Stationery', 400, 1),
('Mouse Pad', 11.99, 'Accessories', 180, 1),
('USB Hub', 24.99, 'Electronics', 95, 1),
('Laptop Stand', 39.99, 'Accessories', 60, 1),
('Screen Cleaner', 8.99, 'Accessories', 220, 1),
('Discontinued Item', 99.99, 'Electronics', 0, 0);

-- Orders (50 rows)
INSERT INTO orders (user_id, status, total_amount, created_at) VALUES
(1, 'COMPLETED', 1299.99, '2024-01-20 10:00:00'),
(2, 'COMPLETED', 89.99, '2024-01-21 11:00:00'),
(3, 'PENDING', 349.99, '2024-01-22 12:00:00'),
(4, 'COMPLETED', 199.99, '2024-01-23 13:00:00'),
(5, 'SHIPPED', 59.99, '2024-01-24 14:00:00'),
(6, 'COMPLETED', 109.99, '2024-01-25 15:00:00'),
(7, 'PENDING', 24.99, '2024-01-26 16:00:00'),
(8, 'COMPLETED', 149.99, '2024-01-27 17:00:00'),
(9, 'SHIPPED', 12.99, '2024-01-28 18:00:00'),
(10, 'COMPLETED', 499.99, '2024-01-29 19:00:00'),
(11, 'PENDING', 29.99, '2024-02-01 10:00:00'),
(12, 'COMPLETED', 89.99, '2024-02-02 11:00:00'),
(13, 'COMPLETED', 19.99, '2024-02-03 12:00:00'),
(14, 'SHIPPED', 14.99, '2024-02-04 13:00:00'),
(15, 'COMPLETED', 39.99, '2024-02-05 14:00:00'),
(16, 'PENDING', 24.99, '2024-02-06 15:00:00'),
(17, 'COMPLETED', 59.99, '2024-02-07 16:00:00'),
(18, 'COMPLETED', 89.99, '2024-02-08 17:00:00'),
(19, 'SHIPPED', 12.99, '2024-02-09 18:00:00'),
(20, 'COMPLETED', 149.99, '2024-02-10 19:00:00'),
(21, 'PENDING', 29.99, '2024-02-11 10:00:00'),
(22, 'COMPLETED', 109.99, '2024-02-12 11:00:00'),
(23, 'COMPLETED', 199.99, '2024-02-13 12:00:00'),
(24, 'SHIPPED', 24.99, '2024-02-14 13:00:00'),
(25, 'COMPLETED', 39.99, '2024-02-15 14:00:00'),
(26, 'PENDING', 29.99, '2024-02-16 15:00:00'),
(27, 'COMPLETED', 89.99, '2024-02-17 16:00:00'),
(28, 'COMPLETED', 149.99, '2024-02-18 17:00:00'),
(29, 'SHIPPED', 12.99, '2024-02-19 18:00:00'),
(30, 'COMPLETED', 499.99, '2024-02-20 19:00:00'),
(31, 'PENDING', 24.99, '2024-02-21 10:00:00'),
(32, 'COMPLETED', 59.99, '2024-02-22 11:00:00'),
(33, 'COMPLETED', 109.99, '2024-02-23 12:00:00'),
(34, 'SHIPPED', 14.99, '2024-02-24 13:00:00'),
(35, 'COMPLETED', 39.99, '2024-02-25 14:00:00'),
(36, 'PENDING', 29.99, '2024-02-26 15:00:00'),
(37, 'COMPLETED', 89.99, '2024-02-27 16:00:00'),
(38, 'COMPLETED', 149.99, '2024-02-28 17:00:00'),
(39, 'SHIPPED', 12.99, '2024-03-01 18:00:00'),
(40, 'COMPLETED', 199.99, '2024-03-02 19:00:00'),
(41, 'PENDING', 24.99, '2024-03-03 10:00:00'),
(42, 'COMPLETED', 59.99, '2024-03-04 11:00:00'),
(43, 'COMPLETED', 109.99, '2024-03-05 12:00:00'),
(44, 'SHIPPED', 14.99, '2024-03-06 13:00:00'),
(45, 'COMPLETED', 39.99, '2024-03-07 14:00:00'),
(46, 'PENDING', 29.99, '2024-03-08 15:00:00'),
(47, 'COMPLETED', 89.99, '2024-03-09 16:00:00'),
(48, 'COMPLETED', 149.99, '2024-03-10 17:00:00'),
(49, 'SHIPPED', 12.99, '2024-03-11 18:00:00'),
(50, 'COMPLETED', 499.99, '2024-03-12 19:00:00');

-- Order items (100 rows)
INSERT INTO order_items (order_id, product_id, quantity, unit_price) VALUES
(1, 1, 1, 1299.99),
(2, 7, 1, 89.99),
(3, 6, 1, 349.99),
(4, 4, 1, 199.99),
(5, 8, 1, 59.99),
(6, 14, 1, 109.99),
(7, 9, 1, 24.99),
(8, 10, 1, 149.99),
(9, 3, 1, 12.99),
(10, 5, 1, 499.99),
(11, 2, 1, 29.99),
(12, 7, 1, 89.99),
(13, 13, 1, 19.99),
(14, 11, 2, 9.99),
(15, 18, 1, 39.99),
(16, 9, 1, 24.99),
(17, 8, 1, 59.99),
(18, 7, 1, 89.99),
(19, 3, 1, 12.99),
(20, 10, 1, 149.99),
(21, 2, 1, 29.99),
(22, 14, 1, 109.99),
(23, 4, 1, 199.99),
(24, 11, 2, 9.99),
(25, 18, 1, 39.99),
(26, 2, 1, 29.99),
(27, 7, 1, 89.99),
(28, 10, 1, 149.99),
(29, 3, 1, 12.99),
(30, 5, 1, 499.99),
(31, 9, 1, 24.99),
(32, 8, 1, 59.99),
(33, 14, 1, 109.99),
(34, 11, 3, 9.99),
(35, 18, 1, 39.99),
(36, 2, 1, 29.99),
(37, 7, 1, 89.99),
(38, 10, 1, 149.99),
(39, 3, 1, 12.99),
(40, 4, 1, 199.99),
(41, 9, 1, 24.99),
(42, 8, 1, 59.99),
(43, 14, 1, 109.99),
(44, 11, 2, 9.99),
(45, 18, 1, 39.99),
(46, 2, 1, 29.99),
(47, 7, 1, 89.99),
(48, 10, 1, 149.99),
(49, 3, 1, 12.99),
(50, 5, 1, 499.99),
(1, 3, 2, 12.99),
(2, 2, 1, 29.99),
(3, 8, 1, 59.99),
(4, 13, 1, 19.99),
(5, 2, 1, 29.99),
(6, 7, 1, 89.99),
(7, 11, 3, 9.99),
(8, 18, 1, 39.99),
(9, 2, 1, 29.99),
(10, 6, 1, 349.99),
(11, 13, 1, 19.99),
(12, 8, 1, 59.99),
(13, 2, 2, 29.99),
(14, 9, 1, 24.99),
(15, 10, 1, 149.99),
(16, 11, 2, 9.99),
(17, 14, 1, 109.99),
(18, 18, 1, 39.99),
(19, 7, 1, 89.99),
(20, 1, 1, 1299.99),
(21, 13, 1, 19.99),
(22, 2, 1, 29.99),
(23, 8, 1, 59.99),
(24, 3, 2, 12.99),
(25, 4, 1, 199.99),
(26, 11, 3, 9.99),
(27, 7, 1, 89.99),
(28, 10, 1, 149.99),
(29, 2, 1, 29.99),
(30, 14, 1, 109.99),
(31, 9, 1, 24.99),
(32, 8, 1, 59.99),
(33, 1, 1, 1299.99),
(34, 3, 2, 12.99),
(35, 18, 1, 39.99),
(36, 2, 1, 29.99),
(37, 13, 1, 19.99),
(38, 7, 1, 89.99),
(39, 11, 2, 9.99),
(40, 5, 1, 499.99),
(41, 8, 1, 59.99),
(42, 14, 1, 109.99),
(43, 6, 1, 349.99),
(44, 9, 1, 24.99),
(45, 10, 1, 149.99),
(46, 3, 2, 12.99),
(47, 18, 1, 39.99),
(48, 7, 1, 89.99),
(49, 2, 1, 29.99),
(50, 4, 1, 199.99),
(1, 7, 1, 89.99),
(2, 11, 2, 9.99),
(3, 18, 1, 39.99),
(4, 8, 1, 59.99),
(5, 3, 1, 12.99),
(6, 2, 1, 29.99),
(7, 13, 1, 19.99),
(8, 14, 1, 109.99),
(9, 7, 1, 89.99),
(10, 10, 1, 149.99);
